,precision,recall,f1-score,support
0,0.635341168740889,0.8172803917980489,0.714916938340549,530069.0
1,0.6419855615967888,0.2801804692956789,0.39010722560482786,529730.0
2,0.5856451006902019,0.7480190294094308,0.6569475326054491,529286.0
accuracy,0.6151659602853214,0.6151659602853214,0.6151659602853214,0.6151659602853214
macro avg,0.6209906103426266,0.6151599635010528,0.5873238988502753,1589085.0
weighted avg,0.6210035475017984,0.6151659602853214,0.5873316650471748,1589085.0
