,precision,recall,f1-score,support
0,0.7653543831601386,0.8955881206641203,0.8253654681943896,25658.0
1,0.8097097878988163,0.5227713554193498,0.6353457014214657,25778.0
2,0.7099990129306091,0.8421401810802372,0.7704446864344753,25624.0
accuracy,0.7531014793667272,0.7531014793667272,0.7531014793667272,0.7531014793667272
macro avg,0.7616877279965214,0.7534998857212357,0.7437186186834436,77060.0
weighted avg,0.7617853151169537,0.7531014793667272,0.7435380653954216,77060.0
