,precision,recall,f1-score,support
0,0.8278558630584842,0.875157762479979,0.85084989797556,530069.0
1,0.7389238169581637,0.5289373831952127,0.6165413533834586,529730.0
2,0.6662237870975788,0.8175863332867297,0.7341848606618636,529286.0
accuracy,0.740567685177319,0.740567685177319,0.740567685177319,0.740567685177319
macro avg,0.7443344890380755,0.7405604929873072,0.7338587040069607,1589085.0
weighted avg,0.7443741312834271,0.740567685177319,0.7338835706448062,1589085.0
