,precision,recall,f1-score,support
0,0.9317983537533665,0.9574012004053317,0.9444262893831338,25658.0
1,0.8783298855912526,0.807083559624486,0.8412008490852118,25778.0
2,0.8536097741577193,0.8997814548860443,0.8760876999658016,25624.0
accuracy,0.8879574357643395,0.8879574357643395,0.8879574357643395,0.8879574357643395
macro avg,0.8879126711674461,0.8880887383052873,0.887238279478049,77060.0
weighted avg,0.8879128835244301,0.8879574357643395,0.8871715084951304,77060.0
