,precision,recall,f1-score,support
0,0.9296244362754387,0.9560371034375243,0.9426457872994524,25658.0
1,0.8770813134932344,0.8071611451625417,0.8406698854568595,25778.0
2,0.8544712430426716,0.898688729316266,0.8760223684711074,25624.0
accuracy,0.8871658447962627,0.8871658447962627,0.8871658447962627,0.8871658447962627
macro avg,0.8870589976037815,0.887295659305444,0.8864460137424731,77060.0
weighted avg,0.8870578382677033,0.8871658447962627,0.8863793289325193,77060.0
